entity_id,entity_name,account_number,entity_type,incorporation_country,incorporation_date,industry,registration_number,beneficial_owner,kyc_risk_rating,pep_flag,onboarding_date
E00181,Tradewind Commerce Ltd,10000367,Public Limited Company,GB,05/01/2014,Freight & Logistics,1000026,BO1002,Medium,N,29/10/2025
E00204,Meridian Logistics PLC,10001272,Public Limited Company,GB,13/10/1996,Commodity Trading,1000070,BO1011,Medium,N,31/10/2025
E00337,Halcyon Trading Group,10001544,Public Limited Company,GB,23/08/1999,Import/Export,1000105,BO1018,Medium,N,15/03/2026
E00452,Sterling Bridge Holdings,10001876,Public Limited Company,GB,06/08/2019,Financial Holdings,1000181,BO1026,Medium,N,13/11/2025
E00519,Orion Freight Services Ltd,10002045,Public Limited Company,GB,17/07/2020,Freight & Logistics,1000273,BO1027,Medium,N,04/10/2025
E10000,Nova Ventures,10002299,Private Limited Company,CH,22/04/2017,Import/Export,1000301,BO1028,Low,N,04/05/2026
E10001,Summit Group,10002993,Limited Liability Partnership,AE,18/09/1997,Consulting Services,1000343,BO1031,High,N,05/05/2026
E10002,Nova Enterprises,10003608,Sole Trader,VG,08/03/2013,Freight & Logistics,1000437,BO1033,High,N,26/06/2026
E10003,Cascade Holdings,10004072,Private Limited Company,IR,10/04/2018,Freight & Logistics,1000512,BO1041,High,N,06/04/2026
E10004,Silverline Global,10004458,Sole Trader,VG,19/02/1999,Manufacturing,1000598,BO1042,High,N,24/02/2026
E10005,Regent Group,10004575,Limited Liability Partnership,PA,07/05/2006,Import/Export,1000649,BO1046,High,N,01/12/2025
E10006,Halcyon Holdings,10005088,Private Limited Company,KY,17/10/2011,Consulting Services,1000714,BO1055,High,N,13/08/2025
E10007,Summit Global,10005346,Private Limited Company,IE,04/05/2018,Shipping,1000789,BO1062,Low,N,10/09/2025
E10008,Delta Consulting,10006201,Private Limited Company,IT,21/06/2011,Import/Export,1000842,BO1066,Low,N,19/05/2026
E10009,Vertex Logistics,10006753,Public Limited Company,ES,20/12/2017,Financial Holdings,1000891,BO1075,Low,N,11/02/2026
E10010,Quill Ventures,10007277,Limited Liability Partnership,NL,08/04/2011,Shipping,1000978,BO1083,Low,N,12/10/2025
E10011,Summit Logistics,10008175,Limited Liability Partnership,ES,04/01/2015,Commodity Trading,1000992,BO1084,Low,N,24/10/2025
E10012,Pallas Partners,10008814,Sole Trader,GB,12/01/2000,Real Estate,1001068,BO1090,Low,N,01/03/2026
E10013,Apex Ltd,10008972,Limited Liability Partnership,ES,21/02/2002,Real Estate,1001135,BO1092,Low,N,31/03/2026
E10014,Titan Logistics,10009317,Sole Trader,DE,24/04/2009,Freight & Logistics,1001203,BO1093,Low,N,10/12/2025
E10015,Orion Trading,10010046,Public Limited Company,AU,13/07/1995,Consulting Services,1001229,BO1097,Low,N,10/11/2025
E10016,Zephyr Holdings,10010180,Limited Liability Partnership,ES,24/10/1999,Import/Export,1001256,BO1099,Low,N,13/08/2025
E10017,Silverline Holdings,10010804,Limited Liability Partnership,SE,12/10/2001,Shipping,1001310,BO1100,Low,N,11/06/2026
E10018,Zephyr Industries,10010910,Limited Liability Partnership,AU,26/09/2001,Precious Metals,1001403,BO1101,Low,N,24/10/2025
E10019,Nova Consulting,10011110,Public Limited Company,NL,10/09/1996,Consulting Services,1001447,BO1106,Low,N,09/08/2025
E10020,Aurora Ventures,10011786,Private Limited Company,FR,05/03/2019,Commodity Trading,1001460,BO1113,Low,N,30/07/2025
E10021,Ironclad Logistics,10011979,Limited Liability Partnership,CA,26/03/1996,Freight & Logistics,1001518,BO1117,Low,N,01/07/2025
E10022,Cascade Trading,10012491,Private Limited Company,NL,07/03/1995,Freight & Logistics,1001531,BO1123,Low,N,22/10/2025
E10023,Ironclad Consulting,10012848,Sole Trader,SE,12/04/2001,Commodity Trading,1001594,BO1131,Low,N,09/12/2025
E10024,Atlas Holdings,10013274,Limited Liability Partnership,IE,22/05/2002,Precious Metals,1001622,BO1137,Low,N,30/05/2026
E10025,Marlin Holdings,10013496,Private Limited Company,FR,13/01/2015,Commodity Trading,1001668,BO1140,Low,N,14/09/2025
E10026,Crest Industries,10014443,Limited Liability Partnership,CA,13/03/1998,Consulting Services,1001715,BO1144,Low,N,22/03/2026
E10027,Ironclad Partners,10014679,Private Limited Company,AU,06/05/1995,Shipping,1001741,BO1146,Low,N,02/01/2026
E10028,Quill Capital,10015371,Limited Liability Partnership,US,17/12/2015,Freight & Logistics,1001775,BO1152,Low,N,29/04/2026
E10029,Pinnacle Trading,10015560,Limited Liability Partnership,JP,02/01/2018,Import/Export,1001814,BO1156,Low,N,22/03/2026
E10030,Ironclad Enterprises,10016411,Limited Liability Partnership,US,16/04/2002,Wholesale Trade,1001901,BO1157,Low,N,14/12/2025
E10031,Ironclad Holdings,10016855,Private Limited Company,SE,16/06/2018,Manufacturing,1001941,BO1165,Low,N,27/02/2026
E10032,Pinnacle Group,10017415,Sole Trader,JP,28/08/2014,Real Estate,1002007,BO1174,Low,N,25/11/2025
E10033,Northgate Enterprises,10018205,Sole Trader,JP,05/10/1996,Import/Export,1002024,BO1180,Low,N,15/11/2025
E10034,Crest Consulting,10018670,Limited Liability Partnership,FR,04/11/2014,Manufacturing,1002040,BO1183,Low,N,16/03/2026
E10035,Apex Holdings,10018873,Limited Liability Partnership,DE,21/06/2019,Consulting Services,1002137,BO1191,Low,N,29/10/2025
E10036,Harbour Partners,10019225,Limited Liability Partnership,NL,10/11/2015,Freight & Logistics,1002189,BO1195,Low,N,03/08/2025
E10037,Marlin Ltd,10019368,Sole Trader,FR,09/06/2009,Shipping,1002209,BO1204,Low,N,18/02/2026
E10038,Quill Logistics,10019741,Sole Trader,IT,06/05/2010,Consulting Services,1002246,BO1209,Low,N,24/07/2025
E10039,Crest Logistics,10020188,Public Limited Company,ES,05/04/2005,Shipping,1002319,BO1211,Low,N,12/07/2025
E10040,Beacon Consulting,10020680,Sole Trader,CH,15/09/2008,Wholesale Trade,1002412,BO1220,Low,N,28/11/2025
E10041,Regent Logistics,10021540,Private Limited Company,IE,11/08/1998,Real Estate,1002460,BO1223,Low,N,29/01/2026
E10042,Pallas Capital,10022170,Public Limited Company,AU,07/06/2004,Manufacturing,1002550,BO1226,Low,N,29/05/2026
E10043,Willow Group,10022502,Sole Trader,NL,16/08/2005,Manufacturing,1002647,BO1235,Low,N,02/01/2026
E10044,Sterling Consulting,10023163,Public Limited Company,IE,02/11/1997,Financial Holdings,1002667,BO1241,Low,N,06/07/2025
E10045,Cascade Group,10023437,Private Limited Company,IT,17/12/2017,Import/Export,1002698,BO1248,Low,N,27/12/2025
E10046,Cobalt Group,10024209,Sole Trader,DE,19/09/2000,Shipping,1002783,BO1253,Low,N,17/01/2026
E10047,Harbour Group,10025156,Public Limited Company,GB,02/02/2002,Import/Export,1002851,BO1260,Low,N,09/11/2025
E10048,Halcyon Global,10026012,Private Limited Company,CA,11/03/2009,Wholesale Trade,1002914,BO1266,Low,N,06/12/2025
E10049,Verano Global,10026338,Limited Liability Partnership,CA,01/06/2006,Import/Export,1003001,BO1267,Low,N,08/04/2026
E10050,Verano Logistics,10026459,Public Limited Company,CA,04/01/2000,Commodity Trading,1003062,BO1272,Low,N,23/05/2026
E10051,Harbour Ventures,10026898,Limited Liability Partnership,IT,07/10/2007,Wholesale Trade,1003131,BO1278,Low,N,22/09/2025
E10052,Vertex Consulting,10027638,Sole Trader,AU,14/02/2000,Freight & Logistics,1003217,BO1282,Low,N,21/03/2026
E10053,Regent Capital,10027808,Public Limited Company,JP,25/10/2008,Wholesale Trade,1003314,BO1285,Low,N,20/08/2025
E10054,Apex Consulting,10028512,Public Limited Company,DE,08/12/2005,Financial Holdings,1003348,BO1289,Low,N,04/04/2026
E11000,Crest Global,10028763,Private Limited Company,FR,19/08/2012,Commodity Trading,1003409,BO1294,Low,N,11/02/2026
E11001,Regent Industries,10029592,Sole Trader,DE,21/10/2009,Wholesale Trade,1003488,BO1301,Low,N,10/03/2026
E11002,Meridian Enterprises,10030379,Limited Liability Partnership,DE,27/06/2013,Manufacturing,1003548,BO1304,Low,N,25/11/2025
E11003,Quill Consulting,10031069,Public Limited Company,GB,06/02/2006,Freight & Logistics,1003568,BO1312,Low,N,14/04/2026
E11004,Vertex Partners,10031259,Sole Trader,AU,12/02/2006,Consulting Services,1003657,BO1318,Low,N,10/09/2025
E11005,Quill Group,10031866,Public Limited Company,US,28/11/2004,Wholesale Trade,1003735,BO1323,Low,N,23/01/2026
E11006,Halcyon Ltd,10032034,Public Limited Company,NL,06/05/2008,Financial Holdings,1003795,BO1325,Low,N,27/04/2026
E11007,Sterling Partners,10032321,Private Limited Company,DE,27/09/2017,Real Estate,1003857,BO1334,Low,N,24/12/2025
E11008,Marlin Logistics,10032440,Private Limited Company,CA,10/11/2007,Commodity Trading,1003889,BO1341,Low,N,30/07/2025
E11009,Onyx Industries,10032587,Public Limited Company,US,21/05/2020,Commodity Trading,1003974,BO1349,Low,N,07/11/2025
E11010,Titan Capital,10032793,Public Limited Company,NL,08/10/1996,Wholesale Trade,1004030,BO1358,Low,N,28/05/2026
E11011,Orion Enterprises,10033431,Sole Trader,CH,23/05/1998,Wholesale Trade,1004119,BO1365,Low,N,05/09/2025
E11012,Granite Ventures,10033578,Limited Liability Partnership,NL,23/12/1996,Import/Export,1004168,BO1372,Low,N,04/03/2026
E11013,Onyx Partners,10033859,Public Limited Company,CA,20/10/2009,Import/Export,1004185,BO1378,Low,N,24/10/2025
E11014,Delta Enterprises,10034022,Private Limited Company,NL,19/06/2018,Consulting Services,1004254,BO1386,Low,N,16/02/2026
E11015,Atlas Partners,10034893,Limited Liability Partnership,NL,08/06/2002,Consulting Services,1004292,BO1395,Low,N,24/02/2026
E11016,Titan Global,10035111,Limited Liability Partnership,CH,25/05/2018,Shipping,1004389,BO1401,Low,N,11/05/2026
E11017,Cobalt Ventures,10035957,Private Limited Company,IE,20/07/2015,Shipping,1004482,BO1409,Low,N,05/08/2025
E11018,Nova Trading,10036083,Sole Trader,GB,03/03/2012,Freight & Logistics,1004540,BO1415,Low,N,17/11/2025
E11019,Willow Ltd,10036994,Private Limited Company,CH,12/10/1998,Shipping,1004606,BO1424,Low,N,13/12/2025
E11020,Quill Trading,10037314,Sole Trader,ES,27/11/1999,Shipping,1004634,BO1432,Low,N,19/06/2026
E11021,Cobalt Holdings,10037718,Public Limited Company,CA,18/07/2002,Wholesale Trade,1004672,BO1436,Low,N,08/09/2025
E11022,Silverline Industries,10038309,Private Limited Company,IE,08/07/2019,Real Estate,1004694,BO1444,Low,N,12/08/2025
E11023,Sterling Trading,10038838,Public Limited Company,ES,18/02/2011,Financial Holdings,1004775,BO1447,Low,N,28/04/2026
E11024,Vertex Industries,10039005,Sole Trader,IE,07/03/2015,Financial Holdings,1004804,BO1454,Low,N,26/04/2026
E11025,Quill Ltd,10039484,Limited Liability Partnership,IE,01/08/2010,Manufacturing,1004822,BO1455,Low,N,28/06/2026
E11026,Summit Capital,10039730,Public Limited Company,IT,09/01/2016,Import/Export,1004912,BO1460,Low,N,08/07/2025
E11027,Orion Capital,10040416,Public Limited Company,JP,18/11/2010,Shipping,1004983,BO1464,Low,N,24/08/2025
E11028,Halcyon Consulting,10040652,Private Limited Company,CA,28/06/1995,Wholesale Trade,1005014,BO1467,Low,N,02/02/2026
E11029,Summit Holdings,10041444,Limited Liability Partnership,FR,03/11/2000,Consulting Services,1005037,BO1470,Low,N,13/12/2025
E11030,Sterling Industries,10041689,Private Limited Company,NL,28/09/2001,Real Estate,1005092,BO1476,Low,N,12/06/2026
E11031,Quill Enterprises,10042481,Private Limited Company,DE,19/08/2000,Commodity Trading,1005153,BO1480,Low,N,02/05/2026
E11032,Cascade Consulting,10043115,Private Limited Company,FR,09/04/2014,Wholesale Trade,1005248,BO1489,Low,N,31/07/2025
E11033,Granite Trading,10043750,Sole Trader,ES,16/09/2009,Import/Export,1005342,BO1495,Low,N,08/02/2026
E11034,Beacon Global,10044222,Limited Liability Partnership,CH,17/12/2015,Freight & Logistics,1005432,BO1498,Low,N,28/05/2026
E11035,Zephyr Group,10044864,Private Limited Company,ES,02/01/2020,Wholesale Trade,1005500,BO1506,Low,N,21/02/2026
E11036,Zephyr Trading,10045503,Limited Liability Partnership,CA,02/06/2009,Commodity Trading,1005524,BO1512,Low,N,19/11/2025
E11037,Beacon Holdings,10045715,Public Limited Company,SE,08/06/1995,Commodity Trading,1005620,BO1513,Low,N,29/01/2026
E11038,Apex Capital,10046612,Limited Liability Partnership,JP,11/04/2020,Import/Export,1005644,BO1519,Low,N,21/11/2025
E11039,Sterling Logistics,10047215,Limited Liability Partnership,SE,02/03/2015,Wholesale Trade,1005683,BO1523,Low,N,21/08/2025
E11040,Pallas Holdings,10047371,Sole Trader,SE,22/12/2013,Import/Export,1005740,BO1524,Low,N,27/12/2025
E11041,Silverline Group,10048010,Public Limited Company,AU,13/03/1995,Precious Metals,1005824,BO1528,Low,N,08/03/2026
E11042,Pinnacle Capital,10048145,Private Limited Company,IT,16/06/2009,Manufacturing,1005838,BO1529,Low,N,24/02/2026
E11043,Granite Group,10048935,Public Limited Company,FR,17/07/2004,Shipping,1005851,BO1535,Low,N,22/06/2026
E11044,Marlin Industries,10049629,Limited Liability Partnership,GB,17/06/2019,Precious Metals,1005928,BO1540,Low,N,02/08/2025
E11045,Verano Ltd,10050498,Limited Liability Partnership,ES,11/06/1998,Freight & Logistics,1005956,BO1544,Low,N,11/06/2026
E11046,Halcyon Ventures,10051310,Limited Liability Partnership,CH,25/10/2001,Wholesale Trade,1005982,BO1548,Low,N,27/08/2025
E11047,Aurora Ltd,10051693,Limited Liability Partnership,NL,14/06/2001,Import/Export,1006021,BO1551,Low,N,03/03/2026
E11048,Vertex Holdings,10051918,Public Limited Company,SE,06/02/2012,Import/Export,1006105,BO1558,Low,N,02/10/2025
E11049,Onyx Trading,10052362,Public Limited Company,US,24/08/2003,Precious Metals,1006170,BO1562,Low,N,10/12/2025
E11050,Nova Global,10053091,Public Limited Company,DE,20/05/2006,Wholesale Trade,1006230,BO1565,Low,N,24/03/2026
E11051,Titan Industries,10053541,Limited Liability Partnership,ES,16/03/2005,Manufacturing,1006269,BO1573,Low,N,25/08/2025
E11052,Willow Global,10054452,Private Limited Company,FR,25/05/2009,Manufacturing,1006287,BO1581,Low,N,17/02/2026
E11053,Nova Capital,10054698,Private Limited Company,IT,26/08/2016,Manufacturing,1006357,BO1588,Low,N,03/10/2025
E11054,Beacon Group,10055269,Public Limited Company,SE,01/11/2017,Commodity Trading,1006381,BO1597,Low,N,08/02/2026
E12000,Summit Consulting,10056023,Limited Liability Partnership,AU,09/11/2001,Shipping,1006464,BO1605,Low,N,25/09/2025
E12001,Aurora Enterprises,10056183,Private Limited Company,SE,06/10/2020,Manufacturing,1006507,BO1613,Low,N,03/12/2025
E12002,Halcyon Logistics,10056675,Public Limited Company,JP,02/05/2014,Real Estate,1006602,BO1617,Low,N,25/08/2025
E12003,Sterling Ltd,10057135,Private Limited Company,GB,04/07/2003,Consulting Services,1006616,BO1626,Low,N,30/04/2026
E12004,Pinnacle Consulting,10057606,Sole Trader,SY,06/04/1999,Wholesale Trade,1006681,BO1627,High,N,23/09/2025
E12005,Harbour Logistics,10058198,Limited Liability Partnership,FR,16/05/2011,Real Estate,1006776,BO1629,High,N,20/01/2026
E12006,Onyx Capital,10058882,Limited Liability Partnership,US,10/09/2008,Consulting Services,1006791,BO1631,Low,N,12/09/2025
E12007,Orion Partners,10059229,Limited Liability Partnership,FR,24/07/2008,Manufacturing,1006803,BO1637,Low,N,16/07/2025
E12008,Beacon Partners,10060076,Private Limited Company,SE,10/04/2004,Commodity Trading,1006830,BO1640,Low,N,24/06/2026
E12009,Orion Consulting,10060759,Private Limited Company,ES,09/07/2013,Import/Export,1006862,BO1648,Low,N,09/02/2026
E12010,Marlin Trading,10061126,Limited Liability Partnership,CH,11/02/2015,Commodity Trading,1006885,BO1653,Low,N,29/10/2025
E12011,Pallas Consulting,10061509,Sole Trader,GB,02/11/2017,Consulting Services,1006925,BO1662,Low,N,06/10/2025
E12012,Quill Holdings,10062378,Limited Liability Partnership,US,04/09/2007,Wholesale Trade,1006949,BO1664,Low,N,18/03/2026
E12013,Verano Ventures,10062486,Limited Liability Partnership,FR,04/05/1999,Consulting Services,1006962,BO1673,Low,N,05/02/2026
E12014,Willow Ventures,10062623,Limited Liability Partnership,GB,19/03/1998,Commodity Trading,1007024,BO1680,Low,N,04/01/2026
E12015,Silverline Trading,10063537,Private Limited Company,JP,28/03/2017,Consulting Services,1007100,BO1683,Low,N,02/05/2026
E12016,Cobalt Ltd,10064329,Public Limited Company,NL,08/02/1998,Wholesale Trade,1007119,BO1686,Low,N,09/06/2026
E12017,Crest Capital,10065263,Limited Liability Partnership,US,23/01/2014,Shipping,1007174,BO1694,Low,N,11/10/2025
E12018,Silverline Consulting,10065918,Public Limited Company,AU,22/09/1998,Financial Holdings,1007214,BO1701,Low,N,30/06/2026
E12019,Cobalt Industries,10066625,Public Limited Company,US,02/11/2005,Precious Metals,1007235,BO1707,Low,N,02/07/2025
E12020,Pallas Industries,10067176,Limited Liability Partnership,DE,12/12/2020,Financial Holdings,1007291,BO1713,Low,N,18/02/2026
E12021,Silverline Logistics,10067380,Private Limited Company,GB,13/07/1995,Shipping,1007319,BO1721,Low,N,10/11/2025
E12022,Regent Holdings,10067580,Limited Liability Partnership,CA,21/01/2009,Wholesale Trade,1007358,BO1727,Low,N,27/09/2025
E12023,Orion Logistics,10068331,Sole Trader,FR,04/04/1997,Freight & Logistics,1007426,BO1731,Low,N,29/11/2025
E12024,Harbour Global,10068774,Limited Liability Partnership,US,08/04/2017,Consulting Services,1007483,BO1736,Low,N,18/05/2026
E12025,Cascade Enterprises,10068950,Limited Liability Partnership,FR,01/03/2004,Commodity Trading,1007524,BO1745,Low,N,19/12/2025
E12026,Apex Industries,10069066,Limited Liability Partnership,NL,24/01/2003,Consulting Services,1007567,BO1752,Low,N,05/12/2025
E12027,Nova Group,10069746,Private Limited Company,CH,17/12/2002,Manufacturing,1007596,BO1753,Low,N,07/07/2025
E12028,Delta Ltd,10070599,Limited Liability Partnership,FR,22/12/2013,Manufacturing,1007624,BO1762,Low,N,08/08/2025
E12029,Delta Trading,10070920,Sole Trader,ES,20/04/2004,Wholesale Trade,1007704,BO1765,Low,N,24/06/2026
E12030,Meridian Industries,10071046,Sole Trader,CH,11/04/2005,Import/Export,1007733,BO1770,Low,N,28/07/2025
E12031,Atlas Ventures,10071707,Public Limited Company,GB,04/03/2016,Financial Holdings,1007789,BO1777,Low,N,28/04/2026
E12032,Onyx Enterprises,10072016,Public Limited Company,DE,15/10/2003,Commodity Trading,1007845,BO1780,Low,N,26/03/2026
E12033,Halcyon Industries,10072365,Sole Trader,US,24/05/2007,Precious Metals,1007923,BO1784,Low,N,29/10/2025
E12034,Apex Partners,10072585,Private Limited Company,SE,27/11/1995,Precious Metals,1007947,BO1786,Low,N,03/05/2026
E12035,Delta Industries,10073066,Public Limited Company,FR,28/10/2019,Manufacturing,1007967,BO1790,Low,N,18/03/2026
E12036,Pallas Trading,10073571,Private Limited Company,GB,01/06/2001,Precious Metals,1008015,BO1797,Low,N,21/11/2025
E12037,Aurora Trading,10073860,Sole Trader,FR,21/06/2008,Wholesale Trade,1008099,BO1798,Low,N,14/01/2026
E12038,Aurora Capital,10073968,Sole Trader,JP,03/03/1995,Real Estate,1008145,BO1802,Low,N,21/11/2025
E12039,Silverline Capital,10074583,Public Limited Company,CH,23/02/2000,Shipping,1008180,BO1808,Low,N,02/11/2025
E12040,Orion Ventures,10075283,Public Limited Company,IT,06/04/2018,Precious Metals,1008222,BO1811,Low,N,14/03/2026
E12041,Meridian Global,10075994,Private Limited Company,SE,16/01/1998,Freight & Logistics,1008259,BO1813,Low,N,08/09/2025
E12042,Granite Consulting,10076424,Sole Trader,SE,12/08/2002,Real Estate,1008316,BO1814,Low,N,03/01/2026
E12043,Sterling Global,10077290,Limited Liability Partnership,NL,07/04/2010,Financial Holdings,1008368,BO1821,Low,N,27/11/2025
E12044,Halcyon Partners,10077604,Limited Liability Partnership,FR,16/12/2011,Shipping,1008397,BO1830,Low,N,17/09/2025
E12045,Titan Holdings,10078227,Limited Liability Partnership,IT,04/09/2005,Shipping,1008490,BO1837,Low,N,13/02/2026
E12046,Apex Global,10078627,Public Limited Company,JP,06/02/2006,Manufacturing,1008506,BO1843,Low,N,20/05/2026
E12047,Pallas Group,10078945,Sole Trader,NL,06/03/2013,Financial Holdings,1008559,BO1850,Low,N,15/03/2026
E12048,Meridian Consulting,10079866,Private Limited Company,AU,23/11/2005,Freight & Logistics,1008622,BO1852,Low,N,24/06/2026
E12049,Northgate Partners,10080478,Sole Trader,JP,14/03/2005,Precious Metals,1008648,BO1857,Low,N,11/08/2025
E12050,Zephyr Ventures,10081285,Sole Trader,CH,03/04/2018,Commodity Trading,1008681,BO1859,Low,N,18/08/2025
E12051,Willow Trading,10081498,Public Limited Company,JP,22/05/2006,Financial Holdings,1008769,BO1861,Low,N,20/03/2026
E12052,Cascade Ltd,10082428,Private Limited Company,US,19/03/2006,Precious Metals,1008793,BO1866,Low,N,24/04/2026
E12053,Verano Holdings,10083345,Sole Trader,JP,10/04/2017,Wholesale Trade,1008862,BO1867,Low,N,15/10/2025
E12054,Meridian Ltd,10084000,Limited Liability Partnership,IE,27/04/2002,Manufacturing,1008931,BO1871,Low,N,08/10/2025
E13000,Cascade Industries,10084733,Limited Liability Partnership,SE,05/11/1997,Shipping,1008964,BO1880,Low,N,04/06/2026
E13001,Pinnacle Partners,10085126,Limited Liability Partnership,SE,02/02/2006,Wholesale Trade,1009048,BO1882,Medium,N,20/12/2025
E13002,Summit Ltd,10085569,Sole Trader,DE,07/04/1998,Wholesale Trade,1009103,BO1888,Medium,N,09/06/2026
E13003,Apex Logistics,10086020,Public Limited Company,DE,07/10/1996,Import/Export,1009189,BO1889,Medium,N,10/05/2026
E13004,Crest Partners,10086362,Public Limited Company,GB,24/06/2017,Financial Holdings,1009245,BO1895,Medium,N,03/10/2025
E13005,Cobalt Trading,10086683,Private Limited Company,US,23/04/2003,Freight & Logistics,1009326,BO1903,Medium,N,11/07/2025
E13006,Beacon Ltd,10087519,Sole Trader,SE,08/06/2019,Precious Metals,1009376,BO1910,Low,N,16/07/2025
E13007,Northgate Trading,10087868,Limited Liability Partnership,GB,25/11/1995,Wholesale Trade,1009400,BO1919,Low,N,22/05/2026
E13008,Vertex Capital,10088088,Public Limited Company,CH,05/04/2002,Consulting Services,1009438,BO1922,Low,N,30/04/2026
E13009,Granite Partners,10088616,Public Limited Company,DE,20/10/2020,Freight & Logistics,1009489,BO1924,Low,N,22/06/2026
E13010,Orion Group,10088818,Limited Liability Partnership,GB,28/07/2013,Consulting Services,1009505,BO1931,Low,N,08/01/2026
E13011,Beacon Industries,10088947,Public Limited Company,CH,19/09/1995,Precious Metals,1009565,BO1932,Low,N,17/03/2026
E13012,Verano Trading,10089096,Public Limited Company,US,06/07/2005,Freight & Logistics,1009601,BO1934,Low,N,07/10/2025
E13013,Quill Global,10089406,Private Limited Company,GB,23/11/2014,Manufacturing,1009645,BO1935,Low,N,13/09/2025
E13014,Marlin Ventures,10089839,Limited Liability Partnership,CA,05/10/2005,Freight & Logistics,1009697,BO1940,Low,N,21/06/2026
E13015,Willow Enterprises,10090019,Public Limited Company,SE,03/05/2010,Real Estate,1009776,BO1949,Low,N,23/04/2026
E13016,Titan Consulting,10090801,Public Limited Company,DE,23/11/2004,Import/Export,1009842,BO1951,Low,N,26/05/2026
E13017,Regent Global,10090984,Sole Trader,CH,20/06/1997,Consulting Services,1009868,BO1960,Low,N,10/07/2025
E13018,Regent Ventures,10091600,Limited Liability Partnership,US,01/02/2019,Shipping,1009913,BO1969,Low,N,01/10/2025
E13019,Atlas Capital,10091866,Sole Trader,CH,27/11/2000,Financial Holdings,1009999,BO1977,Low,N,29/08/2025
E13020,Cobalt Partners,10092470,Public Limited Company,CH,24/03/2005,Shipping,1010012,BO1980,Low,N,11/09/2025
E13021,Harbour Enterprises,10093091,Limited Liability Partnership,FR,21/06/2017,Shipping,1010023,BO1987,Low,N,05/10/2025
E13022,Pallas Ventures,10094008,Private Limited Company,IT,20/06/2020,Import/Export,1010099,BO1992,Low,N,16/05/2026
E13023,Granite Ltd,10094800,Private Limited Company,CH,05/12/2007,Wholesale Trade,1010123,BO2001,Low,N,13/12/2025
E13024,Vertex Trading,10095146,Sole Trader,DE,05/07/2000,Financial Holdings,1010182,BO2009,Low,N,14/02/2026
E13025,Cobalt Global,10095602,Limited Liability Partnership,JP,28/08/2019,Consulting Services,1010238,BO2015,Low,N,26/01/2026
E13026,Pinnacle Holdings,10095798,Public Limited Company,CH,18/02/2008,Wholesale Trade,1010321,BO2019,Low,N,30/06/2026
E13027,Marlin Consulting,10096701,Limited Liability Partnership,SE,21/10/2020,Shipping,1010344,BO2025,Low,N,15/01/2026
E13028,Pallas Enterprises,10097335,Private Limited Company,CA,24/12/1996,Real Estate,1010412,BO2030,Low,N,08/06/2026
E13029,Summit Enterprises,10097620,Private Limited Company,JP,13/02/1999,Financial Holdings,1010501,BO2032,Low,N,25/02/2026
E13030,Vertex Ltd,10098392,Sole Trader,CH,13/12/1995,Precious Metals,1010539,BO2041,Low,N,22/01/2026
E13031,Atlas Group,10098629,Sole Trader,ES,14/01/1996,Shipping,1010583,BO2046,Low,N,12/01/2026
E13032,Northgate Consulting,10099186,Private Limited Company,GB,24/02/1999,Import/Export,1010636,BO2055,Low,N,09/11/2025
E13033,Regent Partners,10099652,Sole Trader,FR,27/11/2000,Freight & Logistics,1010655,BO2056,Low,N,21/01/2026
E13034,Pinnacle Global,10100450,Sole Trader,CH,27/12/2017,Precious Metals,1010713,BO2061,Low,N,14/03/2026
E13035,Pinnacle Logistics,10100739,Private Limited Company,DE,28/09/2019,Precious Metals,1010778,BO2063,Low,N,25/05/2026
E13036,Willow Industries,10101655,Private Limited Company,AU,14/12/2006,Consulting Services,1010825,BO2065,Low,N,28/12/2025
E13037,Zephyr Enterprises,10102013,Public Limited Company,CA,23/03/2008,Shipping,1010848,BO2067,Low,N,03/11/2025
E13038,Nova Ltd,10102412,Private Limited Company,AU,05/05/2011,Freight & Logistics,1010929,BO2071,Low,N,12/08/2025
E13039,Meridian Partners,10102586,Limited Liability Partnership,IE,19/02/2003,Financial Holdings,1011004,BO2074,Low,N,10/11/2025
E13040,Halcyon Enterprises,10103260,Sole Trader,DE,22/01/2000,Real Estate,1011060,BO2077,Low,N,30/08/2025
E13041,Beacon Enterprises,10103929,Public Limited Company,SE,26/07/2005,Wholesale Trade,1011072,BO2084,Low,N,03/03/2026
E13042,Marlin Group,10104257,Sole Trader,JP,28/09/2005,Manufacturing,1011132,BO2092,Low,N,15/06/2026
E13043,Crest Ventures,10104515,Sole Trader,GB,22/07/2011,Freight & Logistics,1011228,BO2093,Low,N,29/07/2025
E13044,Ironclad Ltd,10104799,Limited Liability Partnership,FR,26/06/2010,Freight & Logistics,1011295,BO2100,Low,N,02/10/2025
E13045,Northgate Ltd,10105194,Limited Liability Partnership,ES,13/02/2019,Financial Holdings,1011314,BO2102,Low,N,21/05/2026
E13046,Granite Holdings,10105836,Private Limited Company,ES,03/05/2006,Shipping,1011331,BO2111,Low,N,19/11/2025
E13047,Ironclad Group,10106571,Sole Trader,FR,14/06/1996,Real Estate,1011404,BO2113,Low,N,01/08/2025
E13048,Verano Consulting,10106678,Limited Liability Partnership,AU,12/12/1996,Precious Metals,1011454,BO2115,Low,N,18/04/2026
E13049,Harbour Industries,10107174,Public Limited Company,ES,18/06/2010,Manufacturing,1011487,BO2117,Low,N,04/10/2025
E13050,Pinnacle Ltd,10107440,Limited Liability Partnership,ES,05/09/1995,Freight & Logistics,1011508,BO2123,Low,N,26/10/2025
E13051,Northgate Global,10108110,Private Limited Company,NL,19/01/2019,Financial Holdings,1011552,BO2126,Low,N,25/01/2026
E13052,Pallas Global,10108641,Private Limited Company,NL,13/07/2000,Import/Export,1011582,BO2128,Low,N,15/10/2025
E13053,Delta Capital,10109245,Public Limited Company,IE,25/05/1999,Manufacturing,1011608,BO2137,Low,N,11/03/2026
E13054,Willow Consulting,10109383,Sole Trader,NL,10/02/1995,Freight & Logistics,1011694,BO2138,Low,N,27/09/2025
E14000,Cascade Logistics,10109623,Public Limited Company,GB,08/12/2005,Wholesale Trade,1011734,BO2139,Low,N,24/08/2025
E14001,Sterling Ventures,10110055,Private Limited Company,KY,22/01/2025,Financial Holdings,1011805,BO90019,High,N,17/06/2026
E14002,Pinnacle Enterprises,10110435,Private Limited Company,PA,15/03/2025,Financial Holdings,1011848,BO90019,High,N,04/01/2026
E14003,Quill Industries,10111031,Private Limited Company,PA,09/04/2024,Financial Holdings,1011928,BO90019,High,N,03/04/2026
E14004,Silverline Ventures,10111580,Private Limited Company,PA,17/01/2023,Financial Holdings,1011950,BO90019,High,N,16/06/2026
E14005,Northgate Holdings,10112278,Limited Liability Partnership,FR,22/04/1995,Precious Metals,1012008,BO2164,Low,N,19/03/2026
E14006,Onyx Ltd,10113038,Public Limited Company,GB,08/03/2009,Real Estate,1012054,BO2169,Low,N,17/08/2025
E14007,Beacon Capital,10113568,Public Limited Company,JP,26/09/2015,Import/Export,1012111,BO2171,Low,N,22/08/2025
E14008,Cobalt Capital,10113814,Sole Trader,SE,16/10/2003,Manufacturing,1012177,BO2176,Low,N,07/04/2026
E14009,Titan Ltd,10114323,Sole Trader,CH,08/06/1998,Shipping,1012251,BO2181,Low,N,20/08/2025
E14010,Regent Trading,10114577,Private Limited Company,DE,17/06/2000,Manufacturing,1012335,BO2189,Low,N,27/12/2025
E14011,Willow Partners,10115511,Sole Trader,FR,08/02/1995,Real Estate,1012366,BO2195,Low,N,26/02/2026
E14012,Atlas Logistics,10115988,Private Limited Company,NL,02/07/2009,Freight & Logistics,1012451,BO2203,Low,N,16/09/2025
E14013,Nova Logistics,10116251,Public Limited Company,US,16/03/2005,Manufacturing,1012509,BO2212,Low,N,13/09/2025
E14014,Zephyr Logistics,10117099,Public Limited Company,IT,27/07/2004,Import/Export,1012574,BO2221,Low,N,08/05/2026
E14015,Summit Trading,10117388,Limited Liability Partnership,GB,20/10/2007,Commodity Trading,1012653,BO2226,Low,N,05/03/2026
E14016,Apex Trading,10118105,Limited Liability Partnership,JP,14/01/2020,Shipping,1012670,BO2229,Low,N,28/11/2025
E14017,Apex Ventures,10118856,Private Limited Company,GB,15/02/1997,Import/Export,1012707,BO2233,Low,N,12/02/2026
E14018,Verano Industries,10119104,Sole Trader,GB,13/07/1997,Real Estate,1012799,BO2240,Low,N,23/02/2026
E14019,Apex Group,10119680,Sole Trader,JP,09/06/2020,Commodity Trading,1012817,BO2242,Low,N,18/01/2026
E14020,Delta Group,10120353,Private Limited Company,JP,08/10/2000,Wholesale Trade,1012891,BO2249,Low,N,27/12/2025
E14021,Delta Global,10120800,Sole Trader,CA,26/05/2018,Financial Holdings,1012914,BO2257,Low,N,23/06/2026
E14022,Willow Logistics,10121021,Limited Liability Partnership,FR,03/09/2016,Financial Holdings,1012982,BO2262,Low,N,15/08/2025
E14023,Delta Partners,10121587,Private Limited Company,SE,02/10/1996,Real Estate,1013056,BO2269,Low,N,21/02/2026
E14024,Cobalt Consulting,10122482,Private Limited Company,FR,15/03/2002,Shipping,1013116,BO2278,Low,N,22/04/2026
E14025,Granite Logistics,10123324,Private Limited Company,AU,26/11/1996,Import/Export,1013128,BO2282,Low,N,14/02/2026
E14026,Silverline Partners,10123811,Private Limited Company,IE,08/08/2007,Shipping,1013181,BO2286,Low,N,29/09/2025
E14027,Sterling Holdings,10124124,Private Limited Company,ES,06/05/2015,Commodity Trading,1013272,BO2293,Low,N,25/07/2025
E14028,Aurora Consulting,10124403,Public Limited Company,AU,04/01/2009,Commodity Trading,1013331,BO2299,Low,N,01/09/2025
E14029,Aurora Holdings,10124902,Limited Liability Partnership,AU,01/11/2003,Freight & Logistics,1013370,BO2302,Low,N,08/12/2025
E14030,Granite Enterprises,10125235,Private Limited Company,IT,16/08/2018,Manufacturing,1013404,BO2304,Low,N,04/05/2026
E14031,Crest Ltd,10125498,Private Limited Company,GB,19/09/2001,Consulting Services,1013500,BO2307,Low,N,09/02/2026
E14032,Meridian Capital,10126085,Limited Liability Partnership,US,09/12/2015,Real Estate,1013520,BO2314,Low,N,11/05/2026
E14033,Cascade Ventures,10127022,Sole Trader,GB,26/11/2015,Consulting Services,1013552,BO2320,Low,N,12/04/2026
E14034,Zephyr Partners,10127583,Limited Liability Partnership,DE,07/12/2010,Shipping,1013623,BO2325,Low,N,14/09/2025
E14035,Crest Group,10127932,Limited Liability Partnership,GB,13/05/2011,Real Estate,1013702,BO2332,Low,N,17/09/2025
E14036,Summit Industries,10128877,Public Limited Company,FR,10/01/2017,Wholesale Trade,1013735,BO2333,Low,N,13/08/2025
E14037,Onyx Global,10129337,Limited Liability Partnership,ES,03/12/2012,Freight & Logistics,1013795,BO2338,Low,N,01/07/2026
E14038,Onyx Group,10130240,Public Limited Company,AU,11/05/2006,Precious Metals,1013823,BO2344,Low,N,03/05/2026
E14039,Onyx Logistics,10130852,Limited Liability Partnership,ES,12/07/2007,Precious Metals,1013838,BO2351,Low,N,21/06/2026
E14040,Orion Ltd,10131404,Private Limited Company,GB,25/12/2020,Consulting Services,1013927,BO2353,Low,N,03/09/2025
E14041,Atlas Global,10131869,Sole Trader,SE,01/12/2005,Freight & Logistics,1013964,BO2361,Low,N,22/04/2026
E14042,Ironclad Industries,10132211,Private Limited Company,SE,15/11/2004,Manufacturing,1014023,BO2366,Low,N,01/09/2025
E14043,Delta Holdings,10133026,Private Limited Company,ES,01/03/2016,Import/Export,1014056,BO2374,Low,N,17/09/2025
E14044,Atlas Enterprises,10133513,Public Limited Company,CA,07/01/2012,Wholesale Trade,1014088,BO2378,Low,N,22/07/2025
E14045,Beacon Ventures,10133752,Public Limited Company,NL,05/02/2004,Freight & Logistics,1014125,BO2382,Low,N,24/06/2026
E14046,Meridian Holdings,10133954,Public Limited Company,ES,13/06/2004,Financial Holdings,1014188,BO2385,Low,N,27/12/2025
E14047,Verano Capital,10134597,Private Limited Company,CH,28/07/2016,Wholesale Trade,1014268,BO2392,Low,N,15/04/2026
E14048,Sterling Enterprises,10134974,Public Limited Company,NL,14/11/2009,Precious Metals,1014358,BO2397,Low,N,13/04/2026
E14049,Ironclad Ventures,10135366,Limited Liability Partnership,SE,15/10/2018,Commodity Trading,1014412,BO2401,Low,N,04/03/2026
E14050,Northgate Capital,10136169,Public Limited Company,CH,26/05/2014,Manufacturing,1014509,BO2403,Low,N,25/11/2025
E14051,Pallas Ltd,10136862,Public Limited Company,ES,04/04/2019,Import/Export,1014602,BO2404,Low,N,26/02/2026
E14052,Verano Enterprises,10137726,Limited Liability Partnership,CA,25/01/2016,Commodity Trading,1014662,BO2407,Low,N,04/06/2026
E14053,Cascade Partners,10138196,Public Limited Company,CA,07/12/2000,Financial Holdings,1014680,BO2410,Low,N,13/03/2026
E14054,Atlas Ltd,10138798,Private Limited Company,ES,17/03/2000,Shipping,1014692,BO2419,Low,N,03/12/2025
